[
   {
      "pk":1,
      "model":"taggit.tag",
      "fields":{
         "name":"playa",
         "slug":"playa"
      }
   },
   {
      "pk":2,
      "model":"taggit.tag",
      "fields":{
         "name":"cancun",
         "slug":"cancun"
      }
   },
   {
      "pk":3,
      "model":"taggit.tag",
      "fields":{
         "name":"startup",
         "slug":"startup"
      }
   },
   {
      "pk":4,
      "model":"taggit.tag",
      "fields":{
         "name":"loco",
         "slug":"loco"
      }
   },
   {
      "pk":5,
      "model":"taggit.tag",
      "fields":{
         "name":"hackathon",
         "slug":"hackathon"
      }
   },
   {
      "pk":6,
      "model":"taggit.tag",
      "fields":{
         "name":"party",
         "slug":"party"
      }
   },
   {
      "pk":7,
      "model":"taggit.tag",
      "fields":{
         "name":"weekend",
         "slug":"weekend"
      }
   },
   {
      "pk":8,
      "model":"taggit.tag",
      "fields":{
         "name":"town",
         "slug":"town"
      }
   },
   {
      "pk":9,
      "model":"taggit.tag",
      "fields":{
         "name":"cristobal",
         "slug":"cristobal"
      }
   },
   {
      "pk":10,
      "model":"taggit.tag",
      "fields":{
         "name":"san",
         "slug":"san"
      }
   },
   {
      "pk":11,
      "model":"taggit.tag",
      "fields":{
         "name":"mexico",
         "slug":"mexico"
      }
   },
   {
      "pk":12,
      "model":"taggit.tag",
      "fields":{
         "name":"df",
         "slug":"df"
      }
   },
   {
      "pk":13,
      "model":"taggit.tag",
      "fields":{
         "name":"city",
         "slug":"city"
      }
   },
   {
      "pk":14,
      "model":"taggit.tag",
      "fields":{
         "name":"angelhack",
         "slug":"angelhack"
      }
   },
   {
      "pk":15,
      "model":"taggit.tag",
      "fields":{
         "name":"angel",
         "slug":"angel"
      }
   },
   {
      "pk":16,
      "model":"taggit.tag",
      "fields":{
         "name":"hack",
         "slug":"hack"
      }
   },
   {
      "pk":17,
      "model":"taggit.tag",
      "fields":{
         "name":"targu",
         "slug":"targu"
      }
   },
   {
      "pk":18,
      "model":"taggit.tag",
      "fields":{
         "name":"mures",
         "slug":"mures"
      }
   },
   {
      "pk":19,
      "model":"taggit.tag",
      "fields":{
         "name":"meetup",
         "slug":"meetup"
      }
   },
   {
      "pk":20,
      "model":"taggit.tag",
      "fields":{
         "name":"discussion",
         "slug":"discussion"
      }
   },
   {
      "pk":21,
      "model":"taggit.tag",
      "fields":{
         "name":"iasi",
         "slug":"iasi"
      }
   },
   {
      "pk":22,
      "model":"taggit.tag",
      "fields":{
         "name":"cluj",
         "slug":"cluj"
      }
   },
   {
      "pk":23,
      "model":"taggit.tag",
      "fields":{
         "name":"conference",
         "slug":"conference"
      }
   },
   {
      "pk":24,
      "model":"taggit.tag",
      "fields":{
         "name":"tomania",
         "slug":"tomania"
      }
   },
   {
      "pk":25,
      "model":"taggit.tag",
      "fields":{
         "name":"tech",
         "slug":"tech"
      }
   },
   {
      "pk":26,
      "model":"taggit.tag",
      "fields":{
         "name":"techsilvania",
         "slug":"techsilvania"
      }
   },
   {
      "pk":27,
      "model":"taggit.tag",
      "fields":{
         "name":"timisoara",
         "slug":"timisoara"
      }
   },
   {
      "pk":28,
      "model":"taggit.tag",
      "fields":{
         "name":"c",
         "slug":"c"
      }
   },
   {
      "pk":29,
      "model":"taggit.tag",
      "fields":{
         "name":"code",
         "slug":"code"
      }
   },
   {
      "pk":30,
      "model":"taggit.tag",
      "fields":{
         "name":"java",
         "slug":"java"
      }
   },
   {
      "pk":31,
      "model":"taggit.tag",
      "fields":{
         "name":"hackers",
         "slug":"hackers"
      }
   },
   {
      "pk":32,
      "model":"taggit.tag",
      "fields":{
         "name":"programmers",
         "slug":"programmers"
      }
   },
   {
      "pk":33,
      "model":"taggit.tag",
      "fields":{
         "name":"timis",
         "slug":"timis"
      }
   },
   {
      "pk":34,
      "model":"taggit.tag",
      "fields":{
         "name":"romania",
         "slug":"romania"
      }
   },
   {
      "pk":35,
      "model":"taggit.tag",
      "fields":{
         "name":"wars",
         "slug":"wars"
      }
   },
   {
      "pk":36,
      "model":"taggit.tag",
      "fields":{
         "name":"python",
         "slug":"python"
      }
   },
   {
      "pk":37,
      "model":"taggit.tag",
      "fields":{
         "name":"kingdom",
         "slug":"kingdom"
      }
   },
   {
      "pk":38,
      "model":"taggit.tag",
      "fields":{
         "name":"birmingham",
         "slug":"birmingham"
      }
   },
   {
      "pk":39,
      "model":"taggit.tag",
      "fields":{
         "name":"united",
         "slug":"united"
      }
   },
   {
      "pk":40,
      "model":"taggit.tag",
      "fields":{
         "name":"hackference",
         "slug":"hackference"
      }
   },
   {
      "pk":41,
      "model":"taggit.tag",
      "fields":{
         "name":"uk",
         "slug":"uk"
      }
   },
   {
      "pk":42,
      "model":"taggit.tag",
      "fields":{
         "name":"development",
         "slug":"development"
      }
   },
   {
      "pk":43,
      "model":"taggit.tag",
      "fields":{
         "name":"game",
         "slug":"game"
      }
   },
   {
      "pk":44,
      "model":"taggit.tag",
      "fields":{
         "name":"shanghai",
         "slug":"shanghai"
      }
   },
   {
      "pk":45,
      "model":"taggit.tag",
      "fields":{
         "name":"china",
         "slug":"china"
      }
   },
   {
      "pk":46,
      "model":"taggit.tag",
      "fields":{
         "name":"asia",
         "slug":"asia"
      }
   },
   {
      "pk":47,
      "model":"taggit.tag",
      "fields":{
         "name":"beijing",
         "slug":"beijing"
      }
   },
   {
      "pk":48,
      "model":"taggit.tag",
      "fields":{
         "name":"cleanweb",
         "slug":"cleanweb"
      }
   },
   {
      "pk":49,
      "model":"taggit.tag",
      "fields":{
         "name":"bucharest",
         "slug":"bucharest"
      }
   },
   {
      "pk":50,
      "model":"taggit.tag",
      "fields":{
         "name":"dreamhack",
         "slug":"dreamhack"
      }
   },
   {
      "pk":51,
      "model":"taggit.tag",
      "fields":{
         "name":"dream",
         "slug":"dream"
      }
   },
   {
      "pk":52,
      "model":"taggit.tag",
      "fields":{
         "name":"moscow",
         "slug":"moscow"
      }
   },
   {
      "pk":53,
      "model":"taggit.tag",
      "fields":{
         "name":"village",
         "slug":"village"
      }
   },
   {
      "pk":54,
      "model":"taggit.tag",
      "fields":{
         "name":"droidcon",
         "slug":"droidcon"
      }
   },
   {
      "pk":55,
      "model":"taggit.tag",
      "fields":{
         "name":"october",
         "slug":"october"
      }
   },
   {
      "pk":56,
      "model":"taggit.tag",
      "fields":{
         "name":"russia",
         "slug":"russia"
      }
   },
   {
      "pk":57,
      "model":"taggit.tag",
      "fields":{
         "name":"digital",
         "slug":"digital"
      }
   },
   {
      "pk":58,
      "model":"taggit.tag",
      "fields":{
         "name":"southampton",
         "slug":"southampton"
      }
   },
   {
      "pk":59,
      "model":"taggit.tag",
      "fields":{
         "name":"dojo",
         "slug":"dojo"
      }
   },
   {
      "pk":60,
      "model":"taggit.tag",
      "fields":{
         "name":"coding",
         "slug":"coding"
      }
   },
   {
      "pk":61,
      "model":"taggit.tag",
      "fields":{
         "name":"programming",
         "slug":"programming"
      }
   },
   {
      "pk":62,
      "model":"taggit.tag",
      "fields":{
         "name":"competition",
         "slug":"competition"
      }
   },
   {
      "pk":1,
      "model":"taggit.taggeditem",
      "fields":{
         "tag":1,
         "content_type":8,
         "object_id":1
      }
   },
   {
      "pk":2,
      "model":"taggit.taggeditem",
      "fields":{
         "tag":2,
         "content_type":8,
         "object_id":1
      }
   },
   {
      "pk":3,
      "model":"taggit.taggeditem",
      "fields":{
         "tag":3,
         "content_type":8,
         "object_id":1
      }
   },
   {
      "pk":4,
      "model":"taggit.taggeditem",
      "fields":{
         "tag":4,
         "content_type":8,
         "object_id":1
      }
   },
   {
      "pk":5,
      "model":"taggit.taggeditem",
      "fields":{
         "tag":5,
         "content_type":8,
         "object_id":1
      }
   },
   {
      "pk":6,
      "model":"taggit.taggeditem",
      "fields":{
         "tag":6,
         "content_type":8,
         "object_id":1
      }
   },
   {
      "pk":7,
      "model":"taggit.taggeditem",
      "fields":{
         "tag":7,
         "content_type":8,
         "object_id":1
      }
   },
   {
      "pk":8,
      "model":"taggit.taggeditem",
      "fields":{
         "tag":3,
         "content_type":8,
         "object_id":8
      }
   },
   {
      "pk":9,
      "model":"taggit.taggeditem",
      "fields":{
         "tag":7,
         "content_type":8,
         "object_id":8
      }
   },
   {
      "pk":10,
      "model":"taggit.taggeditem",
      "fields":{
         "tag":8,
         "content_type":8,
         "object_id":8
      }
   },
   {
      "pk":11,
      "model":"taggit.taggeditem",
      "fields":{
         "tag":9,
         "content_type":8,
         "object_id":8
      }
   },
   {
      "pk":12,
      "model":"taggit.taggeditem",
      "fields":{
         "tag":10,
         "content_type":8,
         "object_id":8
      }
   },
   {
      "pk":13,
      "model":"taggit.taggeditem",
      "fields":{
         "tag":11,
         "content_type":8,
         "object_id":8
      }
   },
   {
      "pk":14,
      "model":"taggit.taggeditem",
      "fields":{
         "tag":3,
         "content_type":8,
         "object_id":10
      }
   },
   {
      "pk":15,
      "model":"taggit.taggeditem",
      "fields":{
         "tag":5,
         "content_type":8,
         "object_id":10
      }
   },
   {
      "pk":16,
      "model":"taggit.taggeditem",
      "fields":{
         "tag":7,
         "content_type":8,
         "object_id":10
      }
   },
   {
      "pk":17,
      "model":"taggit.taggeditem",
      "fields":{
         "tag":11,
         "content_type":8,
         "object_id":10
      }
   },
   {
      "pk":18,
      "model":"taggit.taggeditem",
      "fields":{
         "tag":12,
         "content_type":8,
         "object_id":10
      }
   },
   {
      "pk":19,
      "model":"taggit.taggeditem",
      "fields":{
         "tag":13,
         "content_type":8,
         "object_id":10
      }
   },
   {
      "pk":20,
      "model":"taggit.taggeditem",
      "fields":{
         "tag":14,
         "content_type":8,
         "object_id":10
      }
   },
   {
      "pk":21,
      "model":"taggit.taggeditem",
      "fields":{
         "tag":15,
         "content_type":8,
         "object_id":10
      }
   },
   {
      "pk":22,
      "model":"taggit.taggeditem",
      "fields":{
         "tag":16,
         "content_type":8,
         "object_id":10
      }
   },
   {
      "pk":23,
      "model":"taggit.taggeditem",
      "fields":{
         "tag":17,
         "content_type":8,
         "object_id":29
      }
   },
   {
      "pk":24,
      "model":"taggit.taggeditem",
      "fields":{
         "tag":18,
         "content_type":8,
         "object_id":29
      }
   },
   {
      "pk":25,
      "model":"taggit.taggeditem",
      "fields":{
         "tag":3,
         "content_type":8,
         "object_id":29
      }
   },
   {
      "pk":26,
      "model":"taggit.taggeditem",
      "fields":{
         "tag":7,
         "content_type":8,
         "object_id":29
      }
   },
   {
      "pk":27,
      "model":"taggit.taggeditem",
      "fields":{
         "tag":19,
         "content_type":8,
         "object_id":22
      }
   },
   {
      "pk":28,
      "model":"taggit.taggeditem",
      "fields":{
         "tag":20,
         "content_type":8,
         "object_id":22
      }
   },
   {
      "pk":29,
      "model":"taggit.taggeditem",
      "fields":{
         "tag":3,
         "content_type":8,
         "object_id":26
      }
   },
   {
      "pk":30,
      "model":"taggit.taggeditem",
      "fields":{
         "tag":21,
         "content_type":8,
         "object_id":26
      }
   },
   {
      "pk":31,
      "model":"taggit.taggeditem",
      "fields":{
         "tag":7,
         "content_type":8,
         "object_id":26
      }
   },
   {
      "pk":32,
      "model":"taggit.taggeditem",
      "fields":{
         "tag":24,
         "content_type":8,
         "object_id":20
      }
   },
   {
      "pk":33,
      "model":"taggit.taggeditem",
      "fields":{
         "tag":25,
         "content_type":8,
         "object_id":20
      }
   },
   {
      "pk":34,
      "model":"taggit.taggeditem",
      "fields":{
         "tag":26,
         "content_type":8,
         "object_id":20
      }
   },
   {
      "pk":35,
      "model":"taggit.taggeditem",
      "fields":{
         "tag":22,
         "content_type":8,
         "object_id":20
      }
   },
   {
      "pk":36,
      "model":"taggit.taggeditem",
      "fields":{
         "tag":23,
         "content_type":8,
         "object_id":20
      }
   },
   {
      "pk":37,
      "model":"taggit.taggeditem",
      "fields":{
         "tag":32,
         "content_type":8,
         "object_id":16
      }
   },
   {
      "pk":38,
      "model":"taggit.taggeditem",
      "fields":{
         "tag":33,
         "content_type":8,
         "object_id":16
      }
   },
   {
      "pk":39,
      "model":"taggit.taggeditem",
      "fields":{
         "tag":34,
         "content_type":8,
         "object_id":16
      }
   },
   {
      "pk":40,
      "model":"taggit.taggeditem",
      "fields":{
         "tag":35,
         "content_type":8,
         "object_id":16
      }
   },
   {
      "pk":41,
      "model":"taggit.taggeditem",
      "fields":{
         "tag":36,
         "content_type":8,
         "object_id":16
      }
   },
   {
      "pk":42,
      "model":"taggit.taggeditem",
      "fields":{
         "tag":5,
         "content_type":8,
         "object_id":16
      }
   },
   {
      "pk":43,
      "model":"taggit.taggeditem",
      "fields":{
         "tag":7,
         "content_type":8,
         "object_id":16
      }
   },
   {
      "pk":44,
      "model":"taggit.taggeditem",
      "fields":{
         "tag":22,
         "content_type":8,
         "object_id":16
      }
   },
   {
      "pk":45,
      "model":"taggit.taggeditem",
      "fields":{
         "tag":27,
         "content_type":8,
         "object_id":16
      }
   },
   {
      "pk":46,
      "model":"taggit.taggeditem",
      "fields":{
         "tag":28,
         "content_type":8,
         "object_id":16
      }
   },
   {
      "pk":47,
      "model":"taggit.taggeditem",
      "fields":{
         "tag":29,
         "content_type":8,
         "object_id":16
      }
   },
   {
      "pk":48,
      "model":"taggit.taggeditem",
      "fields":{
         "tag":30,
         "content_type":8,
         "object_id":16
      }
   },
   {
      "pk":49,
      "model":"taggit.taggeditem",
      "fields":{
         "tag":31,
         "content_type":8,
         "object_id":16
      }
   },
   {
      "pk":56,
      "model":"taggit.taggeditem",
      "fields":{
         "tag":42,
         "content_type":8,
         "object_id":14
      }
   },
   {
      "pk":57,
      "model":"taggit.taggeditem",
      "fields":{
         "tag":43,
         "content_type":8,
         "object_id":14
      }
   },
   {
      "pk":58,
      "model":"taggit.taggeditem",
      "fields":{
         "tag":44,
         "content_type":8,
         "object_id":14
      }
   },
   {
      "pk":59,
      "model":"taggit.taggeditem",
      "fields":{
         "tag":45,
         "content_type":8,
         "object_id":14
      }
   },
   {
      "pk":60,
      "model":"taggit.taggeditem",
      "fields":{
         "tag":46,
         "content_type":8,
         "object_id":14
      }
   },
   {
      "pk":61,
      "model":"taggit.taggeditem",
      "fields":{
         "tag":23,
         "content_type":8,
         "object_id":14
      }
   },
   {
      "pk":62,
      "model":"taggit.taggeditem",
      "fields":{
         "tag":48,
         "content_type":8,
         "object_id":9
      }
   },
   {
      "pk":63,
      "model":"taggit.taggeditem",
      "fields":{
         "tag":47,
         "content_type":8,
         "object_id":9
      }
   },
   {
      "pk":64,
      "model":"taggit.taggeditem",
      "fields":{
         "tag":45,
         "content_type":8,
         "object_id":9
      }
   },
   {
      "pk":65,
      "model":"taggit.taggeditem",
      "fields":{
         "tag":5,
         "content_type":8,
         "object_id":9
      }
   },
   {
      "pk":66,
      "model":"taggit.taggeditem",
      "fields":{
         "tag":34,
         "content_type":8,
         "object_id":7
      }
   },
   {
      "pk":67,
      "model":"taggit.taggeditem",
      "fields":{
         "tag":5,
         "content_type":8,
         "object_id":7
      }
   },
   {
      "pk":68,
      "model":"taggit.taggeditem",
      "fields":{
         "tag":16,
         "content_type":8,
         "object_id":7
      }
   },
   {
      "pk":69,
      "model":"taggit.taggeditem",
      "fields":{
         "tag":49,
         "content_type":8,
         "object_id":7
      }
   },
   {
      "pk":70,
      "model":"taggit.taggeditem",
      "fields":{
         "tag":50,
         "content_type":8,
         "object_id":7
      }
   },
   {
      "pk":71,
      "model":"taggit.taggeditem",
      "fields":{
         "tag":51,
         "content_type":8,
         "object_id":7
      }
   },
   {
      "pk":87,
      "model":"taggit.taggeditem",
      "fields":{
         "tag":56,
         "content_type":8,
         "object_id":31
      }
   },
   {
      "pk":88,
      "model":"taggit.taggeditem",
      "fields":{
         "tag":52,
         "content_type":8,
         "object_id":31
      }
   },
   {
      "pk":89,
      "model":"taggit.taggeditem",
      "fields":{
         "tag":5,
         "content_type":8,
         "object_id":31
      }
   },
   {
      "pk":90,
      "model":"taggit.taggeditem",
      "fields":{
         "tag":54,
         "content_type":8,
         "object_id":31
      }
   },
   {
      "pk":91,
      "model":"taggit.taggeditem",
      "fields":{
         "tag":23,
         "content_type":8,
         "object_id":31
      }
   },
   {
      "pk":92,
      "model":"taggit.taggeditem",
      "fields":{
         "tag":5,
         "content_type":8,
         "object_id":30
      }
   },
   {
      "pk":93,
      "model":"taggit.taggeditem",
      "fields":{
         "tag":23,
         "content_type":8,
         "object_id":30
      }
   },
   {
      "pk":94,
      "model":"taggit.taggeditem",
      "fields":{
         "tag":52,
         "content_type":8,
         "object_id":30
      }
   },
   {
      "pk":95,
      "model":"taggit.taggeditem",
      "fields":{
         "tag":54,
         "content_type":8,
         "object_id":30
      }
   },
   {
      "pk":96,
      "model":"taggit.taggeditem",
      "fields":{
         "tag":55,
         "content_type":8,
         "object_id":30
      }
   },
   {
      "pk":97,
      "model":"taggit.taggeditem",
      "fields":{
         "tag":56,
         "content_type":8,
         "object_id":30
      }
   },
   {
      "pk":98,
      "model":"taggit.taggeditem",
      "fields":{
         "tag":57,
         "content_type":8,
         "object_id":30
      }
   },
   {
      "pk":99,
      "model":"taggit.taggeditem",
      "fields":{
         "tag":3,
         "content_type":8,
         "object_id":11
      }
   },
   {
      "pk":100,
      "model":"taggit.taggeditem",
      "fields":{
         "tag":52,
         "content_type":8,
         "object_id":11
      }
   },
   {
      "pk":101,
      "model":"taggit.taggeditem",
      "fields":{
         "tag":5,
         "content_type":8,
         "object_id":11
      }
   },
   {
      "pk":102,
      "model":"taggit.taggeditem",
      "fields":{
         "tag":53,
         "content_type":8,
         "object_id":11
      }
   },
   {
      "pk":103,
      "model":"taggit.taggeditem",
      "fields":{
         "tag":3,
         "content_type":8,
         "object_id":3
      }
   },
   {
      "pk":104,
      "model":"taggit.taggeditem",
      "fields":{
         "tag":52,
         "content_type":8,
         "object_id":3
      }
   },
   {
      "pk":105,
      "model":"taggit.taggeditem",
      "fields":{
         "tag":5,
         "content_type":8,
         "object_id":3
      }
   },
   {
      "pk":106,
      "model":"taggit.taggeditem",
      "fields":{
         "tag":7,
         "content_type":8,
         "object_id":3
      }
   },
   {
      "pk":107,
      "model":"taggit.taggeditem",
      "fields":{
         "tag":37,
         "content_type":8,
         "object_id":17
      }
   },
   {
      "pk":108,
      "model":"taggit.taggeditem",
      "fields":{
         "tag":38,
         "content_type":8,
         "object_id":17
      }
   },
   {
      "pk":109,
      "model":"taggit.taggeditem",
      "fields":{
         "tag":39,
         "content_type":8,
         "object_id":17
      }
   },
   {
      "pk":110,
      "model":"taggit.taggeditem",
      "fields":{
         "tag":40,
         "content_type":8,
         "object_id":17
      }
   },
   {
      "pk":111,
      "model":"taggit.taggeditem",
      "fields":{
         "tag":41,
         "content_type":8,
         "object_id":17
      }
   },
   {
      "pk":112,
      "model":"taggit.taggeditem",
      "fields":{
         "tag":23,
         "content_type":8,
         "object_id":17
      }
   },
   {
      "pk":113,
      "model":"taggit.taggeditem",
      "fields":{
         "tag":5,
         "content_type":8,
         "object_id":12
      }
   },
   {
      "pk":114,
      "model":"taggit.taggeditem",
      "fields":{
         "tag":39,
         "content_type":8,
         "object_id":12
      }
   },
   {
      "pk":115,
      "model":"taggit.taggeditem",
      "fields":{
         "tag":41,
         "content_type":8,
         "object_id":12
      }
   },
   {
      "pk":116,
      "model":"taggit.taggeditem",
      "fields":{
         "tag":58,
         "content_type":8,
         "object_id":12
      }
   },
   {
      "pk":117,
      "model":"taggit.taggeditem",
      "fields":{
         "tag":59,
         "content_type":8,
         "object_id":12
      }
   },
   {
      "pk":118,
      "model":"taggit.taggeditem",
      "fields":{
         "tag":60,
         "content_type":8,
         "object_id":12
      }
   },
   {
      "pk":119,
      "model":"taggit.taggeditem",
      "fields":{
         "tag":61,
         "content_type":8,
         "object_id":12
      }
   },
   {
      "pk":120,
      "model":"taggit.taggeditem",
      "fields":{
         "tag":62,
         "content_type":8,
         "object_id":12
      }
   },
   {
      "pk":121,
      "model":"taggit.taggeditem",
      "fields":{
         "tag":37,
         "content_type":8,
         "object_id":12
      }
   },
   {
      "pk":1,
      "model":"auth.permission",
      "fields":{
         "codename":"add_logentry",
         "name":"Can add log entry",
         "content_type":1
      }
   },
   {
      "pk":2,
      "model":"auth.permission",
      "fields":{
         "codename":"change_logentry",
         "name":"Can change log entry",
         "content_type":1
      }
   },
   {
      "pk":3,
      "model":"auth.permission",
      "fields":{
         "codename":"delete_logentry",
         "name":"Can delete log entry",
         "content_type":1
      }
   },
   {
      "pk":4,
      "model":"auth.permission",
      "fields":{
         "codename":"add_permission",
         "name":"Can add permission",
         "content_type":2
      }
   },
   {
      "pk":5,
      "model":"auth.permission",
      "fields":{
         "codename":"change_permission",
         "name":"Can change permission",
         "content_type":2
      }
   },
   {
      "pk":6,
      "model":"auth.permission",
      "fields":{
         "codename":"delete_permission",
         "name":"Can delete permission",
         "content_type":2
      }
   },
   {
      "pk":7,
      "model":"auth.permission",
      "fields":{
         "codename":"add_group",
         "name":"Can add group",
         "content_type":3
      }
   },
   {
      "pk":8,
      "model":"auth.permission",
      "fields":{
         "codename":"change_group",
         "name":"Can change group",
         "content_type":3
      }
   },
   {
      "pk":9,
      "model":"auth.permission",
      "fields":{
         "codename":"delete_group",
         "name":"Can delete group",
         "content_type":3
      }
   },
   {
      "pk":10,
      "model":"auth.permission",
      "fields":{
         "codename":"add_user",
         "name":"Can add user",
         "content_type":4
      }
   },
   {
      "pk":11,
      "model":"auth.permission",
      "fields":{
         "codename":"change_user",
         "name":"Can change user",
         "content_type":4
      }
   },
   {
      "pk":12,
      "model":"auth.permission",
      "fields":{
         "codename":"delete_user",
         "name":"Can delete user",
         "content_type":4
      }
   },
   {
      "pk":13,
      "model":"auth.permission",
      "fields":{
         "codename":"add_contenttype",
         "name":"Can add content type",
         "content_type":5
      }
   },
   {
      "pk":14,
      "model":"auth.permission",
      "fields":{
         "codename":"change_contenttype",
         "name":"Can change content type",
         "content_type":5
      }
   },
   {
      "pk":15,
      "model":"auth.permission",
      "fields":{
         "codename":"delete_contenttype",
         "name":"Can delete content type",
         "content_type":5
      }
   },
   {
      "pk":16,
      "model":"auth.permission",
      "fields":{
         "codename":"add_session",
         "name":"Can add session",
         "content_type":6
      }
   },
   {
      "pk":17,
      "model":"auth.permission",
      "fields":{
         "codename":"change_session",
         "name":"Can change session",
         "content_type":6
      }
   },
   {
      "pk":18,
      "model":"auth.permission",
      "fields":{
         "codename":"delete_session",
         "name":"Can delete session",
         "content_type":6
      }
   },
   {
      "pk":19,
      "model":"auth.permission",
      "fields":{
         "codename":"add_site",
         "name":"Can add site",
         "content_type":7
      }
   },
   {
      "pk":20,
      "model":"auth.permission",
      "fields":{
         "codename":"change_site",
         "name":"Can change site",
         "content_type":7
      }
   },
   {
      "pk":21,
      "model":"auth.permission",
      "fields":{
         "codename":"delete_site",
         "name":"Can delete site",
         "content_type":7
      }
   },
   {
      "pk":22,
      "model":"auth.permission",
      "fields":{
         "codename":"add_event",
         "name":"Can add event",
         "content_type":8
      }
   },
   {
      "pk":23,
      "model":"auth.permission",
      "fields":{
         "codename":"change_event",
         "name":"Can change event",
         "content_type":8
      }
   },
   {
      "pk":24,
      "model":"auth.permission",
      "fields":{
         "codename":"delete_event",
         "name":"Can delete event",
         "content_type":8
      }
   },
   {
      "pk":25,
      "model":"auth.permission",
      "fields":{
         "codename":"add_attendee",
         "name":"Can add attendee",
         "content_type":9
      }
   },
   {
      "pk":26,
      "model":"auth.permission",
      "fields":{
         "codename":"change_attendee",
         "name":"Can change attendee",
         "content_type":9
      }
   },
   {
      "pk":27,
      "model":"auth.permission",
      "fields":{
         "codename":"delete_attendee",
         "name":"Can delete attendee",
         "content_type":9
      }
   },
   {
      "pk":28,
      "model":"auth.permission",
      "fields":{
         "codename":"add_staff",
         "name":"Can add staff",
         "content_type":10
      }
   },
   {
      "pk":29,
      "model":"auth.permission",
      "fields":{
         "codename":"change_staff",
         "name":"Can change staff",
         "content_type":10
      }
   },
   {
      "pk":30,
      "model":"auth.permission",
      "fields":{
         "codename":"delete_staff",
         "name":"Can delete staff",
         "content_type":10
      }
   },
   {
      "pk":31,
      "model":"auth.permission",
      "fields":{
         "codename":"add_usersocialauth",
         "name":"Can add user social auth",
         "content_type":11
      }
   },
   {
      "pk":32,
      "model":"auth.permission",
      "fields":{
         "codename":"change_usersocialauth",
         "name":"Can change user social auth",
         "content_type":11
      }
   },
   {
      "pk":33,
      "model":"auth.permission",
      "fields":{
         "codename":"delete_usersocialauth",
         "name":"Can delete user social auth",
         "content_type":11
      }
   },
   {
      "pk":34,
      "model":"auth.permission",
      "fields":{
         "codename":"add_nonce",
         "name":"Can add nonce",
         "content_type":12
      }
   },
   {
      "pk":35,
      "model":"auth.permission",
      "fields":{
         "codename":"change_nonce",
         "name":"Can change nonce",
         "content_type":12
      }
   },
   {
      "pk":36,
      "model":"auth.permission",
      "fields":{
         "codename":"delete_nonce",
         "name":"Can delete nonce",
         "content_type":12
      }
   },
   {
      "pk":37,
      "model":"auth.permission",
      "fields":{
         "codename":"add_association",
         "name":"Can add association",
         "content_type":13
      }
   },
   {
      "pk":38,
      "model":"auth.permission",
      "fields":{
         "codename":"change_association",
         "name":"Can change association",
         "content_type":13
      }
   },
   {
      "pk":39,
      "model":"auth.permission",
      "fields":{
         "codename":"delete_association",
         "name":"Can delete association",
         "content_type":13
      }
   },
   {
      "pk":40,
      "model":"auth.permission",
      "fields":{
         "codename":"add_code",
         "name":"Can add code",
         "content_type":14
      }
   },
   {
      "pk":41,
      "model":"auth.permission",
      "fields":{
         "codename":"change_code",
         "name":"Can change code",
         "content_type":14
      }
   },
   {
      "pk":42,
      "model":"auth.permission",
      "fields":{
         "codename":"delete_code",
         "name":"Can delete code",
         "content_type":14
      }
   },
   {
      "pk":43,
      "model":"auth.permission",
      "fields":{
         "codename":"add_migrationhistory",
         "name":"Can add migration history",
         "content_type":15
      }
   },
   {
      "pk":44,
      "model":"auth.permission",
      "fields":{
         "codename":"change_migrationhistory",
         "name":"Can change migration history",
         "content_type":15
      }
   },
   {
      "pk":45,
      "model":"auth.permission",
      "fields":{
         "codename":"delete_migrationhistory",
         "name":"Can delete migration history",
         "content_type":15
      }
   },
   {
      "pk":46,
      "model":"auth.permission",
      "fields":{
         "codename":"add_tag",
         "name":"Can add Tag",
         "content_type":16
      }
   },
   {
      "pk":47,
      "model":"auth.permission",
      "fields":{
         "codename":"change_tag",
         "name":"Can change Tag",
         "content_type":16
      }
   },
   {
      "pk":48,
      "model":"auth.permission",
      "fields":{
         "codename":"delete_tag",
         "name":"Can delete Tag",
         "content_type":16
      }
   },
   {
      "pk":49,
      "model":"auth.permission",
      "fields":{
         "codename":"add_taggeditem",
         "name":"Can add Tagged Item",
         "content_type":17
      }
   },
   {
      "pk":50,
      "model":"auth.permission",
      "fields":{
         "codename":"change_taggeditem",
         "name":"Can change Tagged Item",
         "content_type":17
      }
   },
   {
      "pk":51,
      "model":"auth.permission",
      "fields":{
         "codename":"delete_taggeditem",
         "name":"Can delete Tagged Item",
         "content_type":17
      }
   },
   {
      "pk":1,
      "model":"auth.user",
      "fields":{
         "username":"axsauze",
         "first_name":"",
         "last_name":"",
         "is_active":true,
         "is_superuser":true,
         "is_staff":true,
         "last_login":"2014-04-09T12:35:04.121",
         "groups":[

         ],
         "user_permissions":[

         ],
         "password":"pbkdf2_sha256$10000$ZyOaB2ULE4NP$RAaHsrAEPvXcnQI91HiDcgWKR4Z9EXwlLdnvEQe9eDk=",
         "email":"axsauze@gmail.com",
         "date_joined":"2014-04-06T04:57:04.252"
      }
   },
   {
      "pk":2,
      "model":"auth.user",
      "fields":{
         "username":"hackatimis@gmail.com",
         "first_name":"Hacka",
         "last_name":"Timis",
         "is_active":true,
         "is_superuser":false,
         "is_staff":false,
         "last_login":"2014-04-09T12:34:31.546",
         "groups":[

         ],
         "user_permissions":[

         ],
         "password":"pbkdf2_sha256$10000$R8v7j1QiwDug$LrSBc05+BmgW2lwieP6nANJks0K5nVZwcrd/ucniwM4=",
         "email":"",
         "date_joined":"2014-04-06T07:58:45.952"
      }
   },
   {
      "pk":3,
      "model":"auth.user",
      "fields":{
         "username":"hackamoscow@gmail.com",
         "first_name":"Hacka",
         "last_name":"Moscow",
         "is_active":true,
         "is_superuser":false,
         "is_staff":false,
         "last_login":"2014-04-10T09:59:27.490",
         "groups":[

         ],
         "user_permissions":[

         ],
         "password":"pbkdf2_sha256$10000$O4Bruye49WXX$7SF2szPQcLssojsotcIT46WIsXX+lDq9PfL62ka+ZYQ=",
         "email":"",
         "date_joined":"2014-04-06T08:05:18.134"
      }
   },
   {
      "pk":4,
      "model":"auth.user",
      "fields":{
         "username":"hackashanghai@gmail.com",
         "first_name":"Hacka",
         "last_name":"Shanghai",
         "is_active":true,
         "is_superuser":false,
         "is_staff":false,
         "last_login":"2014-04-08T13:09:46.415",
         "groups":[

         ],
         "user_permissions":[

         ],
         "password":"pbkdf2_sha256$10000$aO5NIL8NG1iV$2fSTtgBiscZs7BUzYtVput8HbR7rbB9J8OCOFa/FjkM=",
         "email":"",
         "date_joined":"2014-04-06T08:07:05.804"
      }
   },
   {
      "pk":5,
      "model":"auth.user",
      "fields":{
         "username":"hackadf@gmail.com",
         "first_name":"Hacka",
         "last_name":"DF",
         "is_active":true,
         "is_superuser":false,
         "is_staff":false,
         "last_login":"2014-04-09T12:32:56.403",
         "groups":[

         ],
         "user_permissions":[

         ],
         "password":"pbkdf2_sha256$10000$RTmRt9o5kzBP$9zIS4OXtchULFUbfURM9Iz7DC+LQ1mxTYCkW7pq3LSk=",
         "email":"",
         "date_joined":"2014-04-06T08:24:46.197"
      }
   },
   {
      "pk":6,
      "model":"auth.user",
      "fields":{
         "username":"hackasaopaulo@gmail.com",
         "first_name":"Hacka",
         "last_name":"SaoPaulo",
         "is_active":true,
         "is_superuser":false,
         "is_staff":false,
         "last_login":"2014-04-06T08:48:11.630",
         "groups":[

         ],
         "user_permissions":[

         ],
         "password":"pbkdf2_sha256$10000$HeYXcQQAvHPq$ew4fheCgujegUXvr7/CMGL96DYaMdz0+1k/YAbQCGC0=",
         "email":"",
         "date_joined":"2014-04-06T08:48:11.320"
      }
   },
   {
      "pk":7,
      "model":"auth.user",
      "fields":{
         "username":"hackasoton@gmail.com",
         "first_name":"Hacka",
         "last_name":"Soton",
         "is_active":true,
         "is_superuser":false,
         "is_staff":false,
         "last_login":"2014-04-06T10:03:02.226",
         "groups":[

         ],
         "user_permissions":[

         ],
         "password":"pbkdf2_sha256$10000$P5iPDXrRQm2Z$5WGvN3z8tTyTYa/alu8pM8C0pasWOE7zbgZHjqMRlkU=",
         "email":"",
         "date_joined":"2014-04-06T08:54:04.922"
      }
   },
   {
      "pk":8,
      "model":"auth.user",
      "fields":{
         "username":"SWJudges@gmail.com",
         "first_name":"",
         "last_name":"",
         "is_active":true,
         "is_superuser":false,
         "is_staff":false,
         "last_login":"2014-04-06T16:03:56.074",
         "groups":[

         ],
         "user_permissions":[

         ],
         "password":"pbkdf2_sha256$10000$9YBZdaNJA2Tq$9hyR2GE/hO+hA9WOGRC+OkbPPFqPbHEQcYI0bPorUkQ=",
         "email":"",
         "date_joined":"2014-04-06T16:03:56.074"
      }
   },
   {
      "pk":1,
      "model":"hackaglobal.event",
      "fields":{
         "website":"http://swplaya.org/",
         "city":"cancun",
         "end":"2014-04-13T20:00:00",
         "description":"Startup Weekend in Playa del Carmen - An insane day of hacking in the beach",
         "zip":" ",
         "creator":5,
         "country":"mexico",
         "longitude":-87.0738851,
         "start":"2014-04-11T18:00:00",
         "address":"Playa del Carmen, Quintana Roo, Mexico",
         "latitude":20.6295586,
         "name":" Playa del Carmen Startup Weekend"
      }
   },
   {
      "pk":2,
      "model":"hackaglobal.event",
      "fields":{
         "website":"http://timisoara.startupweekend.org/",
         "city":"timisoara",
         "end":"2014-04-06T20:01:06",
         "description":"Startup Weekend Timisoara 2014",
         "zip":" ",
         "creator":2,
         "country":"romania",
         "longitude":21.237499,
         "start":"2014-04-06T18:01:06",
         "address":"Timisoara, Romania",
         "latitude":45.755539,
         "name":"SWTimisoara"
      }
   },
   {
      "pk":3,
      "model":"hackaglobal.event",
      "fields":{
         "website":"http://startupweekend.org",
         "city":"moscow",
         "end":"2014-08-24T20:00:00",
         "description":"HackDay Moscow - Craziest weekend!",
         "zip":" 107031",
         "creator":3,
         "country":"russia",
         "longitude":37.626285553,
         "start":"2014-08-22T18:00:00",
         "address":"Lubyanka Square, Moscow, Russia, 101000",
         "latitude":55.7593357381,
         "name":"Startup Weekend Moscow"
      }
   },
   {
      "pk":4,
      "model":"hackaglobal.event",
      "fields":{
         "website":"http://www.summerhacks.org/#home",
         "city":"timisoara",
         "end":"2014-08-25T01:00:02",
         "description":"Free food, Vader and Stormtrooper masks, a ping-pong table ,teams of very good programmers varying in age from high-school students to professionals, what else could you want ? So i guess we'll see you guys here ",
         "zip":" ",
         "creator":2,
         "country":"romania",
         "longitude":21.2217779,
         "start":"2014-08-23T01:00:02",
         "address":"City Business Centre - B, Timisoara, Romania",
         "latitude":45.7575132,
         "name":"Summerhacks"
      }
   },
   {
      "pk":5,
      "model":"hackaglobal.event",
      "fields":{
         "website":"http://www.meetup.com/TiMoDev/events/170460272/",
         "city":"timisoara",
         "end":"2014-04-27T01:17:00",
         "description":"Timisoara Mobile Development Group, Timisoara Google Developer Group and Timisoara Startup Hub are building an unique opportunity for mobile technology passionates!",
         "zip":" ",
         "creator":2,
         "country":"romania",
         "longitude":21.2217361,
         "start":"2014-04-25T01:17:00",
         "address":"City Business Centre - A, Strada Coriolan Brediceanu, Timisoara, Romania",
         "latitude":45.7569408,
         "name":"1st ever Project Tango Hackathon Timisoara"
      }
   },
   {
      "pk":6,
      "model":"hackaglobal.event",
      "fields":{
         "website":"https://docs.google.com/forms/d/1vPSe_Zanejk3UzCd3ghKJHBS6A4qQHxfUI34ks2x_9Y/viewform",
         "city":"shanghai",
         "end":"2014-05-02T15:00:00",
         "description":"PROGRAMME RUNDOWN\r\nOpening\r\nPresentation by Microsoft \r\nPresentation by Cyberport\r\nPanel discussion on Emerging Technology and Fundraising from Global Perspective \r\nPitching competition\r\nTo register: http://bit.ly/1mtQp1a\r\nIMPORTANT NOTES: \r\nThose who are interested in pitching must be ICT-related.  Each company should submit a company profile and presentation deck via email to sindykwan@cyberport.hk [subject: Microsoft x Cyberport Pitching Competition - entry] no later than 11 April 2014 (Friday) for pre-screening.  Late submission will not be considered. We will separately inform those who are shortlisted. \r\nEnquiry:  Sindy Kwan (Tel: 3166 3872 / Email: sindykwan@cyberport.hk)",
         "zip":" ",
         "creator":4,
         "country":"china",
         "longitude":121.473701,
         "start":"2014-05-02T13:30:00",
         "address":"Young Entrepreneur Lounge, Hall 1E, HKCEC, Shanghai, China",
         "latitude":31.230416,
         "name":"Cyberport x Microsoft "
      }
   },
   {
      "pk":7,
      "model":"hackaglobal.event",
      "fields":{
         "website":"http://dreamhack.ro/2014/",
         "city":"bucharest",
         "end":"2014-04-27T01:25:52",
         "description":"Insane meeting in Bucuresti with Cosplay,League of Lgends, Dota 2,Fifa 14 and other gameinggoodies comming to Bucuresti",
         "zip":" ",
         "creator":2,
         "country":"romania",
         "longitude":26.0694439,
         "start":"2014-04-26T01:25:52",
         "address":"Sala Titulescu, Bucharest, Romania",
         "latitude":44.4781964,
         "name":"DreamHack"
      }
   },
   {
      "pk":8,
      "model":"hackaglobal.event",
      "fields":{
         "website":"http://sancristobalmx.startupweekend.org/",
         "city":"san cristobal",
         "end":"2014-04-13T20:00:00",
         "description":"The most amazing Startup Weekend in San Cristobal - one of the most beautiful and historical cities in Mexico!",
         "zip":" ",
         "creator":5,
         "country":"mexico",
         "longitude":-72.226061,
         "start":"2014-04-11T18:00:00",
         "address":"San Cristobal, Mexico",
         "latitude":7.764951,
         "name":"Startup Weekend San Cristobal"
      }
   },
   {
      "pk":9,
      "model":"hackaglobal.event",
      "fields":{
         "website":"http://cleanweb.co/",
         "city":"beijing",
         "end":"2014-07-28T01:38:31",
         "description":"The Beijing Energy Network is working with the Cleanweb Initiative to organize the first Cleanweb hackathon in Asia!  Were looking for computer programmers, product designers, business gurus, and folks simply interested in energy and environment to come out and make this an awesome event!\r\n\r\nCleanweb hackathons demonstrate the impact of applying information technology to resource constraints in transportation, energy, waste, water, agriculture, etc. We will bring together developers, designers and business professionals dedicated to optimizing resource use and accelerating cleantech development. Participants are tasked with building applications leveraging web, mobile social technology coupled with available open data sets and APIs",
         "zip":" 100080",
         "creator":2,
         "country":"china",
         "longitude":116.3111024,
         "start":"2014-07-27T01:38:31",
         "address":"Danling Street, Haidian, Beijing, China, 100080",
         "latitude":39.9787867,
         "name":"Cleanweb Hackathon"
      }
   },
   {
      "pk":10,
      "model":"hackaglobal.event",
      "fields":{
         "website":"http://www.angelhack.com/event/angelhack-mexico-city-spring-2014/",
         "city":"mexico city",
         "end":"2014-06-01T20:00:00",
         "description":"",
         "zip":" ",
         "creator":5,
         "country":"mx",
         "longitude":-99.133208,
         "start":"2014-05-31T18:00:00",
         "address":"Mexico City, Federal District, Mexico",
         "latitude":19.4326077,
         "name":"AngelHack Mexico City"
      }
   },
   {
      "pk":11,
      "model":"hackaglobal.event",
      "fields":{
         "website":"http://startupvillage.ru/",
         "city":"moscow",
         "end":"2014-06-03T10:55:23",
         "description":"The best start-up event of the year! \r\nInnovation \"Woodstock\" in the start-up village, at  \"\"",
         "zip":"107207",
         "creator":3,
         "country":"russia",
         "longitude":37.6173,
         "start":"2014-06-02T10:55:23",
         "address":"Moscow, Russia",
         "latitude":55.755826,
         "name":"Startup Village"
      }
   },
   {
      "pk":12,
      "model":"hackaglobal.event",
      "fields":{
         "website":"https://www.facebook.com/groups/SouthamptonCodeDojo/?fref=ts",
         "city":"southampton",
         "end":"2014-04-11T21:00:00",
         "description":"Come along to the first edition of the Coding Dojo Southampton! An awesome opportunity to relax, enjoy some free pizza and beer, and meet some awesome people!",
         "zip":" SO17 1TW",
         "creator":7,
         "country":"united-kingdom",
         "longitude":-1.398216,
         "start":"2014-04-11T19:00:00",
         "address":"University of Southampton, Building 33",
         "latitude":50.9378159,
         "name":"Southampton Coding Dojo"
      }
   },
   {
      "pk":13,
      "model":"hackaglobal.event",
      "fields":{
         "website":"",
         "city":"timisoara",
         "end":"2014-04-12T13:00:00",
         "description":"A Timisoara implementation of a concept developed by an Irish-led global movement of coding clubs for kids. Bring your kids to learn to code, hack, develop websites, apps, games and more or come yourself to teach. Fun and inspiration guaranteed!\r\n\r\nCoderDojo is a global collaboration providing free and open learning to young people, especially in programming technology.",
         "zip":" 300011",
         "creator":2,
         "country":"ro",
         "longitude":21.2212836742,
         "start":"2014-04-12T10:00:00",
         "address":"Timisoara Startup Hub, Colorianu Bratianu St.,  Timisoara 300011, Romania",
         "latitude":45.7571265387,
         "name":"CodorDojo"
      }
   },
   {
      "pk":14,
      "model":"hackaglobal.event",
      "fields":{
         "website":"http://www.gdcchina.com/",
         "city":"shanghai",
         "end":"2014-10-21T00:00:00",
         "description":"The Game Developers Conference (GDC) is the world's largest professionals-only game industry event. Presented every spring in San Francisco, it is the essential forum for learning, inspiration, and networking for the creators of computer, console, handheld, mobile, and online games. GDC attracts over 23,000 attendees, and is the primary forum where programmers, artists, producers, game designers, audio professionals, business decision-makers and others involved in the development of interactive games gather to exchange ideas and shape the future of the industry. GDC is produced by the UBM Tech Game Network.",
         "zip":" 200033",
         "creator":4,
         "country":"china",
         "longitude":121.3909227,
         "start":"2014-10-19T00:00:00",
         "address":"500 Zhennan Road,  200033",
         "latitude":31.2689443,
         "name":"Game Developers Conference China"
      }
   },
   {
      "pk":15,
      "model":"hackaglobal.event",
      "fields":{
         "website":"",
         "city":"bucharest",
         "end":"2014-04-07T11:42:18",
         "description":"27 hours of adrenaline filled, jam packed game making, or in other words a game creating marathon. Starting on 5th April and all through April 6th, youll take part in an intense and open-minded atmosphere at Tech Hub Bucharest.\r\n\r\nIf you love making games, the Ubisoft Bucharest Game Jam is the perfect opportunity to join a team and spend 27 awesome filled hours to create a new game, from scratch.",
         "zip":" ",
         "creator":2,
         "country":"romania",
         "longitude":26.103888900000015,
         "start":"2014-04-06T11:42:18",
         "address":"Blvd Expozitiei nr.2",
         "latitude":44.4325,
         "name":"Ubisoft Bucharest Game Jam"
      }
   },
   {
      "pk":16,
      "model":"hackaglobal.event",
      "fields":{
         "website":"https://www.facebook.com/events/449064168557364/",
         "city":"cluj",
         "end":"2014-05-10T22:00:00",
         "description":"This competition is open to students currently enrolled at Cluj universities with good knowledge of programming languages (Java, Python and C) and familiar with virtualization tools. An eligible team is made of 2 students and has completed the first 3 steps mentioned below by the end of April. Solving the Code Wars weekly puzzles will get you closer to finals, so bring your knowledge to battle and enroll today!\r\n\r\nStep 1: Pair up with a friend (.. or with a colleague)\r\n\r\nStep 2: Pick a name for your team (or a funky mascot)\r\n\r\nStep 3: Enroll your team at CodeWarsCluj@hp.com (.. and solve our weekly challenges to get a feeling of what is coming)\r\n\r\nStep 4: Meet us on May 10th, 2014 (@ HP Office in Maestro Business Center, 104, 21 Dec 1989 Blvd)\r\n\r\nStep 5: Have fun solving the trials  and win cool prizes! (Laptops, LED Monitors, Backpacks)",
         "zip":" 400124",
         "creator":2,
         "country":"romania",
         "longitude":23.602197,
         "start":"2014-05-10T09:00:00",
         "address":"Maestro Business Center, Bulevardul 21 Decembrie 1989, Cluj-Napoca 400124, Romania",
         "latitude":46.7745684,
         "name":"Code Wars Cluj"
      }
   },
   {
      "pk":17,
      "model":"hackaglobal.event",
      "fields":{
         "website":"http://2014.hackference.co.uk/information",
         "city":"birmingham",
         "end":"2014-09-21T11:53:41",
         "description":"Three days of talks and panels from the best in the world, with a full weekend hackathon to top it. Aimed totally at bringing more technology to those that love developing with it, giving you more to hack with than before.",
         "zip":" ",
         "creator":7,
         "country":"united-kingdom",
         "longitude":-1.8834676,
         "start":"2014-09-19T11:53:41",
         "address":"Fazeley Street, Birmingham, West Midlands, UK",
         "latitude":52.4788483,
         "name":"Hackference 2.0.14"
      }
   },
   {
      "pk":18,
      "model":"hackaglobal.event",
      "fields":{
         "website":"http://sh.openco.asia/",
         "city":"shanghai",
         "end":"2014-04-17T23:59:59",
         "description":"OpenCompany Shanghai features a unique mix/blend of presentations and company visits in just 2-days. Hear first-hand from entrepreneurs and innovators how they are gaining an edge and help to transform the way we do business in Asia.",
         "zip":" ",
         "creator":4,
         "country":"china",
         "longitude":121.473701,
         "start":"2014-04-16T09:00:00",
         "address":"All Around Town",
         "latitude":31.230416,
         "name":"OpenCompany Shanghai"
      }
   },
   {
      "pk":19,
      "model":"hackaglobal.event",
      "fields":{
         "website":"",
         "city":"cluj",
         "end":"2014-04-07T20:00:00",
         "description":"Computer driven cars will change the face of global transportation, with features like self-fuelling and 360 degrees vision, auto experts say.\r\n\r\nThe driver-less cars will be safer, causing fewer accidents and less congestion and will be more energy efficient, reducing the driving time and would let land currently used for parking to be used for parks and green spaces.\r\n\r\nAdrian GROZA from UTCN will present a few projects the University is involved in and which are related to intelligent cars of the future. He will also expose his vision on the subject.",
         "zip":" 400000",
         "creator":2,
         "country":"romania",
         "longitude":23.5998899,
         "start":"2014-04-07T18:00:00",
         "address":"Cluj-Napoca 400000, Romania",
         "latitude":46.777248,
         "name":"Intelligent Cars"
      }
   },
   {
      "pk":20,
      "model":"hackaglobal.event",
      "fields":{
         "website":"http://techsylvania.co/",
         "city":"cluj",
         "end":"2014-06-02T22:00:00",
         "description":"Techsylvania has invited the regions foremost creative minds, technologists and innovators to participate in our event, where inspiration, ideas and knowledge is shared directly between individuals leading to projects and collaborations.\r\n\r\nListen to disruptive technology speakers deliver insights into what the future may actually be like, be inspired by successful entrepreneurs that usually got where they are by making tons of mistakes, have coffee with investors, a beer with marketing professionals, or simply recharge your battery by socializing with your peers!\r\n\r\nThe first two days (May 31st and June 1st) of the event will be a hackathon, focused on connected devices, where teams of talented people come together to hack a solution on some of the most interesting devices out there . More information and registration details will be available soon.\r\n\r\nThe third day (June 2nd) will be the main event day consisting of presentations and discussions with key influencers and exceptional international people from around the world.  The top 3 teams that come out of the Hackathon will also present on stage what they have accomplished.\r\n\r\nThis is your chance to get that extra edge and connect with people that can really make a difference!",
         "zip":" 400000",
         "creator":2,
         "country":"romania",
         "longitude":23.5998899,
         "start":"2014-05-31T09:00:00",
         "address":"Cluj-Napoca 400000, Romania",
         "latitude":46.777248,
         "name":"Techsylvania"
      }
   },
   {
      "pk":21,
      "model":"hackaglobal.event",
      "fields":{
         "website":"http://www.itfest.hk/14/en/event_0414_MoDev_HK_2014.php",
         "city":"hongkong",
         "end":"2014-04-17T16:30:00",
         "description":"An international meet-up for leading mobile application developers, designers, and marketing professionals to bounce ideas and exchange views on the future of mobile computing.\r\n\r\nMoDev Hong Kong Forum & Disruptathon 2014 (12 April; pre-registration required)\r\n- An international forum in the morning and a Disruptathon in the afternoon.\r\n\r\nHong Kong International Hackathon 2014 (13 April, by invitation only)\r\n- A hackathon for Apps teams from the US, China and Hong Kong.",
         "zip":" ",
         "creator":4,
         "country":"china",
         "longitude":114.13021389999994,
         "start":"2014-04-12T09:00:00",
         "address":"Cyberport, 100 Cyberport Road",
         "latitude":22.2618056,
         "name":"MoDev Hong Kong"
      }
   },
   {
      "pk":22,
      "model":"hackaglobal.event",
      "fields":{
         "website":"",
         "city":"timisoara",
         "end":"2014-05-01T21:00:00",
         "description":"Once a month we have an open discussion about interesting and useful topics regarding PHP, Programming techniques, Frameworks, Databases, Patterns and so on.\r\n\r\nThere are no rules, we just talk on the selected subject. Regardless of you being an apprentice, a journeyman or a master, you are most welcome. Attendance is free.\r\n\r\nEach time we will propose and vote for a topic. Topics and the Poll will be published at the beginning of the meetups week. Voting ends at 3PM on the events day.",
         "zip":" 300011",
         "creator":2,
         "country":"romania",
         "longitude":21.2211227417,
         "start":"2014-05-01T19:00:00",
         "address":"City Business Center, Timisoara 300011, Romania",
         "latitude":45.7570067702,
         "name":"PHP Community Timisoara Open Discussion"
      }
   },
   {
      "pk":23,
      "model":"hackaglobal.event",
      "fields":{
         "website":"http://www.squirrly.co/12th-of-april-squirrly-hackathon-in-cluj-napoca-startupers-devs-invited",
         "city":"cluj-napoca",
         "end":"2014-04-13T08:00:00",
         "description":"You dont have to build your own high growth tech startup to be part of one.\r\n\r\nJoin the Squirrly Hackathon and see whats up with growing a startup.\r\n\r\nBe part of a startup environment of building awesome things for the web for 24 hours, on the 12th of April.\r\n\r\nLocation :: Cluj Hub, in Cluj-Napoca, the heart of Transylvania.",
         "zip":" 400000",
         "creator":2,
         "country":"romania",
         "longitude":23.599889899999994,
         "start":"2014-04-12T08:00:00",
         "address":"Cluj-Napoca 400000, Romania",
         "latitude":46.777248,
         "name":"Squirrly Hackathon"
      }
   },
   {
      "pk":24,
      "model":"hackaglobal.event",
      "fields":{
         "website":"http://rotechcourses.com/portfolio/python-for-programmers/",
         "city":"cluj-napoca",
         "end":"2014-05-09T17:00:00",
         "description":"This course is designed for developers with experience of other languages who need to get up to speed on Python. At the end of this course the students will know the essentials of the Python language, how to use Pythons module system to structure code, and how to approach the development of Python programs. The class will focus on Python 3, unless Python 2 is specifically requested.\r\n\r\nThe course topics cover:\r\n\r\nBuilt-in types and object model\r\nFlow control and exceptions\r\nClass definition, inheritance, and common usage patterns\r\nProgram organisation with modules and packages\r\nThe Python standard library\r\nObtaining and installing Python packages\r\nComprehensions, generators, and iteration\r\nSerialization, unit testing, and filesystem interaction\r\nDebugging\r\nWe believe that students learn best by doing, so they will start coding very early in this course. Testing is integral to to our approach, and we start immediately with working programs.",
         "zip":" 400000",
         "creator":2,
         "country":"romania",
         "longitude":23.599889899999994,
         "start":"2014-05-07T09:00:00",
         "address":"Cluj-Napoca 400000, Romania",
         "latitude":46.777248,
         "name":"Python for Programmers"
      }
   },
   {
      "pk":25,
      "model":"hackaglobal.event",
      "fields":{
         "website":"http://iasi.codecamp.ro/",
         "city":"iasi",
         "end":"2014-05-10T18:00:00",
         "description":"CodeCamp is your local IT community & conference, here in Iasi, aiming for better communication among the IT people.\r\nWe started in 2009 and along the way we had different conference formats, from 3 days 30 people hands-on lab & coding sessions on various technologies and disciplines; trying to fulfill the continuous demand from the community we're now doing conferences with several parallel tracks and 500+ participants.\r\n\r\nInterested in Java, .NET, Mobile, Agile, PHP, Ruby, Project Management, Business Analysis and many others? Join CodeCamp and meet smart people sharing from their own real life experiences.\r\n\r\n",
         "zip":"700054",
         "creator":2,
         "country":"romania",
         "longitude":27.590277799999967,
         "start":"2014-05-10T08:00:00",
         "address":"Iasi, Romania",
         "latitude":47.1569444,
         "name":"CodeCamp Iasi"
      }
   },
   {
      "pk":26,
      "model":"hackaglobal.event",
      "fields":{
         "website":"http://iasi.codecamp.ro/",
         "city":"iasi",
         "end":"2014-05-18T18:30:00",
         "description":"At Startup Weekend Iasi you can bring that idea to life.  For just one weekend, you will team up with a mix of fantastic people (developers, business people, marketers). Together you will work on a business idea. We have planned to bring you the best mentors that share your appetite to change the world. They are going to support your entrepreneurial steps throughout the 54 hours of the event.  You will walk away from here with more contacts, with more ideas and with more energy. You can also bring all you learn here back to your day job or you can convey the know-how into a new startup. Its a win-win. ",
         "zip":" 700054",
         "creator":2,
         "country":"romania",
         "longitude":27.5902778,
         "start":"2014-05-16T18:30:00",
         "address":"Iasi, Romania",
         "latitude":47.1569444,
         "name":"Startup Weekend Iasi"
      }
   },
   {
      "pk":27,
      "model":"hackaglobal.event",
      "fields":{
         "website":"http://itcamp.ro/",
         "city":"iasi",
         "end":"2014-05-23T00:00:00",
         "description":"ITCamp is the largest premium conference focusing on Microsoft technologies in Romania, now at its 4th edition. Youll spend two great days among well-known speakers who will be covering 4 separate tracks of high-quality content.\r\n\r\nITCamp is back with yet another edition: 2 days, 4 tracks, over 30 speakers, 40+ hours of content and open panels, pre-conference workshops and lots of networking opportunities.\r\n\r\nDONT MISS ITCAMP IF:\r\n\r\nYou want to be up to date with the latest IT technologies\r\nYou appreciate the chance to interact with highly skilled professionals in your area of expertise\r\nYou are an IT manager, team lead, programmer, database or systems administrator and you work with the Microsoft Application Platform\r\nYou want to find out more about useful stuff meant to improve your existing skillset\r\nYou enjoy presentations held by experienced speakers, who are well known across the country or even across the world\r\nYou wish to attend trainings that are both cost-efficient and packed with useful info\r\nYou intend to expand your customer or collaborator/partner portfolio\r\nIf any of the rows above rings a bell, wed like to invite you at ITCamp: a premium conference, where the latest technology and a lot of amazing people will meet under the same roof.",
         "zip":"700054",
         "creator":2,
         "country":"romania",
         "longitude":27.590277799999967,
         "start":"2014-05-22T00:00:00",
         "address":"Iasi, Romania",
         "latitude":47.1569444,
         "name":"ITCamp 2014"
      }
   },
   {
      "pk":28,
      "model":"hackaglobal.event",
      "fields":{
         "website":"http://itcamp.ro/",
         "city":"iasi",
         "end":"2014-05-23T00:00:00",
         "description":"ITCamp is the largest premium conference focusing on Microsoft technologies in Romania, now at its 4th edition. Youll spend two great days among well-known speakers who will be covering 4 separate tracks of high-quality content.\r\n\r\nITCamp is back with yet another edition: 2 days, 4 tracks, over 30 speakers, 40+ hours of content and open panels, pre-conference workshops and lots of networking opportunities.\r\n\r\nDONT MISS ITCAMP IF:\r\n\r\nYou want to be up to date with the latest IT technologies\r\nYou appreciate the chance to interact with highly skilled professionals in your area of expertise\r\nYou are an IT manager, team lead, programmer, database or systems administrator and you work with the Microsoft Application Platform\r\nYou want to find out more about useful stuff meant to improve your existing skillset\r\nYou enjoy presentations held by experienced speakers, who are well known across the country or even across the world\r\nYou wish to attend trainings that are both cost-efficient and packed with useful info\r\nYou intend to expand your customer or collaborator/partner portfolio\r\nIf any of the rows above rings a bell, wed like to invite you at ITCamp: a premium conference, where the latest technology and a lot of amazing people will meet under the same roof.",
         "zip":"700054",
         "creator":2,
         "country":"romania",
         "longitude":27.590277799999967,
         "start":"2014-05-22T00:00:00",
         "address":"Iasi, Romania",
         "latitude":47.1569444,
         "name":"ITCamp 2014"
      }
   },
   {
      "pk":29,
      "model":"hackaglobal.event",
      "fields":{
         "website":"",
         "city":"targu-mures",
         "end":"2014-05-25T23:00:00",
         "description":"Startup Weekends are weekend-long, hands-on experiences where entrepreneurs and aspiring entrepreneurs can find out if startup ideas are viable.  On average, half of Startup Weekends attendees have technical or design backgrounds, the other half have business backgrounds.\r\n\r\nBeginning with open mic pitches on Friday, attendees bring their best ideas and inspire others to join their team. Over Saturday and Sunday teams focus on customer development, validating their ideas, practicing LEAN Startup Methodologies and building a minimal viable product. On Sunday evening teams demo their prototypes and receive valuable feedback from a panel of experts.",
         "zip":"540304",
         "creator":2,
         "country":"romania",
         "longitude":24.5625,
         "start":"2014-05-23T00:00:00",
         "address":"Trgu Mures, Romania",
         "latitude":46.5455556,
         "name":"Startup Weekend Targu Mures"
      }
   },
   {
      "pk":30,
      "model":"hackaglobal.event",
      "fields":{
         "website":"http://droidcon.com/",
         "city":"moscow",
         "end":"2014-04-12T18:00:00",
         "description":"Biggest Android Developers Conference! First to be held in Moscow on 11-12 April 2014 at the Digital October center.",
         "zip":"119072",
         "creator":3,
         "country":"russia",
         "longitude":37.6173,
         "start":"2014-04-11T09:00:00",
         "address":"Digital October",
         "latitude":55.755826,
         "name":"DroidCon Moscow"
      }
   },
   {
      "pk":31,
      "model":"hackaglobal.event",
      "fields":{
         "website":"http://ru.droidcon.com/2014/xakaton/",
         "city":"moscow",
         "end":"2014-04-12T19:00:00",
         "description":"An event during which experts from different areas of software development (programmers, designers, managers) are working together to create web service or mobile application. \r\n\r\nThe DroidCon is one of the biggest Android conferences around the world - this will be the first one taking place in Moscow",
         "zip":"119072",
         "creator":3,
         "country":"russia",
         "longitude":37.6173,
         "start":"2014-04-11T09:00:00",
         "address":"Moscow, Russia",
         "latitude":55.755826,
         "name":"DroidCon Hackathon Moscow"
      }
   },
   {
      "pk":1,
      "model":"hackaglobal.attendee",
      "fields":{
         "attendee":2,
         "type":"T",
         "event":2
      }
   },
   {
      "pk":1,
      "model":"admin.logentry",
      "fields":{
         "action_flag":2,
         "action_time":"2014-04-06T08:22:26.413",
         "object_repr":"Event object",
         "object_id":"4",
         "change_message":"Changed country and tags.",
         "user":1,
         "content_type":8
      }
   },
   {
      "pk":2,
      "model":"admin.logentry",
      "fields":{
         "action_flag":2,
         "action_time":"2014-04-06T08:34:26.576",
         "object_repr":"Event object",
         "object_id":"6",
         "change_message":"Changed country and tags.",
         "user":1,
         "content_type":8
      }
   },
   {
      "pk":3,
      "model":"admin.logentry",
      "fields":{
         "action_flag":2,
         "action_time":"2014-04-06T08:40:59.162",
         "object_repr":"Event object",
         "object_id":"8",
         "change_message":"Changed creator, address, country and tags.",
         "user":1,
         "content_type":8
      }
   },
   {
      "pk":4,
      "model":"admin.logentry",
      "fields":{
         "action_flag":2,
         "action_time":"2014-04-06T08:42:58.478",
         "object_repr":"Event object",
         "object_id":"3",
         "change_message":"Changed creator, name, website, start, end and tags.",
         "user":1,
         "content_type":8
      }
   },
   {
      "pk":5,
      "model":"admin.logentry",
      "fields":{
         "action_flag":2,
         "action_time":"2014-04-06T08:45:48.110",
         "object_repr":"Event object",
         "object_id":"10",
         "change_message":"Changed creator and tags.",
         "user":1,
         "content_type":8
      }
   },
   {
      "pk":6,
      "model":"admin.logentry",
      "fields":{
         "action_flag":2,
         "action_time":"2014-04-06T08:46:01.707",
         "object_repr":"Event object",
         "object_id":"1",
         "change_message":"Changed creator and tags.",
         "user":1,
         "content_type":8
      }
   },
   {
      "pk":7,
      "model":"admin.logentry",
      "fields":{
         "action_flag":2,
         "action_time":"2014-04-06T08:46:20.317",
         "object_repr":"Event object",
         "object_id":"2",
         "change_message":"Changed creator and tags.",
         "user":1,
         "content_type":8
      }
   },
   {
      "pk":8,
      "model":"admin.logentry",
      "fields":{
         "action_flag":2,
         "action_time":"2014-04-06T10:03:10.732",
         "object_repr":"Event object",
         "object_id":"17",
         "change_message":"Changed country and tags.",
         "user":1,
         "content_type":8
      }
   },
   {
      "pk":9,
      "model":"admin.logentry",
      "fields":{
         "action_flag":2,
         "action_time":"2014-04-06T10:03:30.055",
         "object_repr":"Event object",
         "object_id":"17",
         "change_message":"Changed creator and tags.",
         "user":1,
         "content_type":8
      }
   },
   {
      "pk":10,
      "model":"admin.logentry",
      "fields":{
         "action_flag":2,
         "action_time":"2014-04-06T10:08:14.188",
         "object_repr":"Event object",
         "object_id":"19",
         "change_message":"Changed city and tags.",
         "user":1,
         "content_type":8
      }
   },
   {
      "pk":11,
      "model":"admin.logentry",
      "fields":{
         "action_flag":2,
         "action_time":"2014-04-06T10:08:55.927",
         "object_repr":"Event object",
         "object_id":"16",
         "change_message":"Changed city and tags.",
         "user":1,
         "content_type":8
      }
   },
   {
      "pk":12,
      "model":"admin.logentry",
      "fields":{
         "action_flag":2,
         "action_time":"2014-04-06T10:09:00.321",
         "object_repr":"Event object",
         "object_id":"13",
         "change_message":"Changed city and tags.",
         "user":1,
         "content_type":8
      }
   },
   {
      "pk":13,
      "model":"admin.logentry",
      "fields":{
         "action_flag":2,
         "action_time":"2014-04-06T10:09:04.248",
         "object_repr":"Event object",
         "object_id":"4",
         "change_message":"Changed city and tags.",
         "user":1,
         "content_type":8
      }
   },
   {
      "pk":14,
      "model":"admin.logentry",
      "fields":{
         "action_flag":1,
         "action_time":"2014-04-06T16:03:56.591",
         "object_repr":"SWJudges@gmail.com",
         "object_id":"8",
         "change_message":"",
         "user":1,
         "content_type":4
      }
   },
   {
      "pk":15,
      "model":"admin.logentry",
      "fields":{
         "action_flag":2,
         "action_time":"2014-04-09T12:35:29.256",
         "object_repr":"Event object",
         "object_id":"29",
         "change_message":"Changed city and tags.",
         "user":1,
         "content_type":8
      }
   },
   {
      "pk":16,
      "model":"admin.logentry",
      "fields":{
         "action_flag":2,
         "action_time":"2014-04-09T12:35:52.065",
         "object_repr":"Event object",
         "object_id":"22",
         "change_message":"Changed tags.",
         "user":1,
         "content_type":8
      }
   },
   {
      "pk":17,
      "model":"admin.logentry",
      "fields":{
         "action_flag":2,
         "action_time":"2014-04-09T12:36:00.047",
         "object_repr":"Event object",
         "object_id":"26",
         "change_message":"Changed tags.",
         "user":1,
         "content_type":8
      }
   },
   {
      "pk":18,
      "model":"admin.logentry",
      "fields":{
         "action_flag":2,
         "action_time":"2014-04-09T12:36:28.384",
         "object_repr":"Event object",
         "object_id":"20",
         "change_message":"Changed tags.",
         "user":1,
         "content_type":8
      }
   },
   {
      "pk":19,
      "model":"admin.logentry",
      "fields":{
         "action_flag":2,
         "action_time":"2014-04-09T12:37:23.134",
         "object_repr":"Event object",
         "object_id":"16",
         "change_message":"Changed tags.",
         "user":1,
         "content_type":8
      }
   },
   {
      "pk":20,
      "model":"admin.logentry",
      "fields":{
         "action_flag":2,
         "action_time":"2014-04-09T12:37:48.572",
         "object_repr":"Event object",
         "object_id":"17",
         "change_message":"Changed tags.",
         "user":1,
         "content_type":8
      }
   },
   {
      "pk":21,
      "model":"admin.logentry",
      "fields":{
         "action_flag":2,
         "action_time":"2014-04-09T12:38:13.176",
         "object_repr":"Event object",
         "object_id":"14",
         "change_message":"Changed tags.",
         "user":1,
         "content_type":8
      }
   },
   {
      "pk":22,
      "model":"admin.logentry",
      "fields":{
         "action_flag":2,
         "action_time":"2014-04-09T12:38:35.023",
         "object_repr":"Event object",
         "object_id":"9",
         "change_message":"Changed tags.",
         "user":1,
         "content_type":8
      }
   },
   {
      "pk":23,
      "model":"admin.logentry",
      "fields":{
         "action_flag":2,
         "action_time":"2014-04-09T12:38:47.832",
         "object_repr":"Event object",
         "object_id":"7",
         "change_message":"Changed tags.",
         "user":1,
         "content_type":8
      }
   },
   {
      "pk":24,
      "model":"admin.logentry",
      "fields":{
         "action_flag":2,
         "action_time":"2014-04-09T16:57:52.156",
         "object_repr":"Event object",
         "object_id":"11",
         "change_message":"Changed country, city and tags.",
         "user":1,
         "content_type":8
      }
   },
   {
      "pk":25,
      "model":"admin.logentry",
      "fields":{
         "action_flag":2,
         "action_time":"2014-04-09T16:58:12.833",
         "object_repr":"Event object",
         "object_id":"3",
         "change_message":"Changed country, city, website and tags.",
         "user":1,
         "content_type":8
      }
   },
   {
      "pk":26,
      "model":"admin.logentry",
      "fields":{
         "action_flag":2,
         "action_time":"2014-04-10T10:07:31.058",
         "object_repr":"Event object",
         "object_id":"31",
         "change_message":"Changed country, city and tags.",
         "user":1,
         "content_type":8
      }
   },
   {
      "pk":27,
      "model":"admin.logentry",
      "fields":{
         "action_flag":2,
         "action_time":"2014-04-10T10:08:01.774",
         "object_repr":"Event object",
         "object_id":"31",
         "change_message":"Changed country and tags.",
         "user":1,
         "content_type":8
      }
   },
   {
      "pk":28,
      "model":"admin.logentry",
      "fields":{
         "action_flag":2,
         "action_time":"2014-04-10T10:08:11.173",
         "object_repr":"Event object",
         "object_id":"30",
         "change_message":"Changed country and tags.",
         "user":1,
         "content_type":8
      }
   },
   {
      "pk":29,
      "model":"admin.logentry",
      "fields":{
         "action_flag":2,
         "action_time":"2014-04-10T10:08:28.963",
         "object_repr":"Event object",
         "object_id":"11",
         "change_message":"Changed country and tags.",
         "user":1,
         "content_type":8
      }
   },
   {
      "pk":30,
      "model":"admin.logentry",
      "fields":{
         "action_flag":2,
         "action_time":"2014-04-10T10:08:39.560",
         "object_repr":"Event object",
         "object_id":"3",
         "change_message":"Changed country and tags.",
         "user":1,
         "content_type":8
      }
   },
   {
      "pk":31,
      "model":"admin.logentry",
      "fields":{
         "action_flag":2,
         "action_time":"2014-04-10T13:08:32.102",
         "object_repr":"Event object",
         "object_id":"17",
         "change_message":"Changed country and tags.",
         "user":1,
         "content_type":8
      }
   },
   {
      "pk":32,
      "model":"admin.logentry",
      "fields":{
         "action_flag":2,
         "action_time":"2014-04-10T13:09:08.057",
         "object_repr":"Event object",
         "object_id":"12",
         "change_message":"Changed country and tags.",
         "user":1,
         "content_type":8
      }
   }
]